{"cameraMode":{"drawMode":0,"name":"Shaded","section":"Shading Mode"},"sceneLighting":true,"audioPlay":false,"sceneViewState":{"showFog":true,"showMaterialUpdate":true,"showSkybox":true,"showFlares":true,"showImageEffects":true,"showParticleSystems":true},"in2DMode":false,"pivot":{"x":-40.84266662597656,"y":1.0018616914749146,"z":0.478784441947937},"rotation":{"x":0.17759022116661073,"y":0.06032182648777962,"z":-0.01090693473815918,"w":0.9821935296058655},"size":22.0,"orthographic":false}