{"cameraMode":{"drawMode":0,"name":"Shaded","section":"Shading Mode"},"sceneLighting":false,"audioPlay":false,"sceneViewState":{"showFog":true,"showMaterialUpdate":true,"showSkybox":true,"showFlares":true,"showImageEffects":true,"showParticleSystems":true},"in2DMode":false,"pivot":{"x":-52.908912658691409,"y":7.990622043609619,"z":279.96356201171877},"rotation":{"x":-0.28460079431533816,"y":0.08798232674598694,"z":-0.026236340403556825,"w":-0.9542396068572998},"size":2.433035135269165,"orthographic":false}