{"cameraMode":{"drawMode":0,"name":"Shaded","section":"Shading Mode"},"sceneLighting":false,"audioPlay":false,"sceneViewState":{"showFog":true,"showMaterialUpdate":true,"showSkybox":true,"showFlares":true,"showImageEffects":true,"showParticleSystems":true},"in2DMode":false,"pivot":{"x":-51.3443717956543,"y":7.77219295501709,"z":266.4596862792969},"rotation":{"x":0.055089130997657779,"y":0.7310798168182373,"z":-0.6774604916572571,"w":0.05945415049791336},"size":0.7164874076843262,"orthographic":false}