{"cameraMode":{"drawMode":0,"name":"Shaded","section":"Shading Mode"},"sceneLighting":false,"audioPlay":false,"sceneViewState":{"showFog":true,"showMaterialUpdate":true,"showSkybox":true,"showFlares":true,"showImageEffects":true,"showParticleSystems":true},"in2DMode":false,"pivot":{"x":-2.0004992485046388,"y":1.2524752616882325,"z":-8.475305557250977},"rotation":{"x":-0.12040761113166809,"y":-0.7089217305183411,"z":0.12486787140369415,"w":-0.6836227774620056},"size":3.4621987342834474,"orthographic":false}