{"cameraMode":{"drawMode":0,"name":"Shaded","section":"Shading Mode"},"sceneLighting":false,"audioPlay":false,"sceneViewState":{"showFog":true,"showMaterialUpdate":true,"showSkybox":true,"showFlares":true,"showImageEffects":true,"showParticleSystems":true},"in2DMode":false,"pivot":{"x":1.4521753787994385,"y":8.1850004196167,"z":74.29370880126953},"rotation":{"x":-0.345220148563385,"y":-0.5352750420570374,"z":0.253864049911499,"w":-0.7279126644134522},"size":66.68927001953125,"orthographic":false}