{"cameraMode":{"drawMode":0,"name":"Shaded","section":"Shading Mode"},"sceneLighting":false,"audioPlay":false,"sceneViewState":{"showFog":true,"showMaterialUpdate":true,"showSkybox":true,"showFlares":true,"showImageEffects":true,"showParticleSystems":true},"in2DMode":false,"pivot":{"x":3.148922920227051,"y":0.5403686165809631,"z":-0.5850783586502075},"rotation":{"x":-0.5399141907691956,"y":-0.19253134727478028,"z":0.1284521371126175,"w":-0.8092740178108215},"size":0.3943882882595062,"orthographic":false}