{"cameraMode":{"drawMode":0,"name":"Shaded","section":"Shading Mode"},"sceneLighting":false,"audioPlay":false,"sceneViewState":{"showFog":true,"showMaterialUpdate":true,"showSkybox":true,"showFlares":true,"showImageEffects":true,"showParticleSystems":true},"in2DMode":false,"pivot":{"x":2.9116227626800539,"y":0.5259324908256531,"z":-0.5376718044281006},"rotation":{"x":-0.6213381290435791,"y":-0.16286249458789826,"z":0.13410335779190064,"w":-0.7546066045761108},"size":0.3300740718841553,"orthographic":false}