{"cameraMode":{"drawMode":0,"name":"Shaded","section":"Shading Mode"},"sceneLighting":false,"audioPlay":false,"sceneViewState":{"showFog":true,"showMaterialUpdate":true,"showSkybox":true,"showFlares":true,"showImageEffects":true,"showParticleSystems":true},"in2DMode":false,"pivot":{"x":-33.326114654541019,"y":5.280310153961182,"z":139.64329528808595},"rotation":{"x":-0.015265421010553837,"y":0.9572166800498962,"z":0.05138407647609711,"w":0.2843639850616455},"size":25.285425186157228,"orthographic":false}