{"cameraMode":{"drawMode":0,"name":"Shaded","section":"Shading Mode"},"sceneLighting":false,"audioPlay":false,"sceneViewState":{"showFog":true,"showMaterialUpdate":true,"showSkybox":true,"showFlares":true,"showImageEffects":true,"showParticleSystems":true},"in2DMode":false,"pivot":{"x":-48.2885856628418,"y":8.131802558898926,"z":278.8460998535156},"rotation":{"x":-0.37270474433898928,"y":0.5518239140510559,"z":-0.3013504147529602,"w":-0.6824730634689331},"size":4.409409999847412,"orthographic":false}