{"cameraMode":{"drawMode":0,"name":"Shaded","section":"Shading Mode"},"sceneLighting":false,"audioPlay":false,"sceneViewState":{"showFog":true,"showMaterialUpdate":true,"showSkybox":true,"showFlares":true,"showImageEffects":true,"showParticleSystems":true},"in2DMode":false,"pivot":{"x":-52.83460235595703,"y":7.946475505828857,"z":253.07232666015626},"rotation":{"x":-0.38496875762939455,"y":-0.21255432069301606,"z":0.09158972650766373,"w":-0.8934378027915955},"size":5.739677429199219,"orthographic":false}