{"cameraMode":{"drawMode":0,"name":"Shaded","section":"Shading Mode"},"sceneLighting":false,"audioPlay":false,"sceneViewState":{"showFog":true,"showMaterialUpdate":true,"showSkybox":true,"showFlares":true,"showImageEffects":true,"showParticleSystems":true},"in2DMode":false,"pivot":{"x":29.600000381469728,"y":3.782996416091919,"z":90.0},"rotation":{"x":0.12172526121139527,"y":-0.8757616281509399,"z":0.2929794490337372,"w":0.3638511598110199},"size":68.13066864013672,"orthographic":false}