{"cameraMode":{"drawMode":0,"name":"Shaded","section":"Shading Mode"},"sceneLighting":false,"audioPlay":false,"sceneViewState":{"showFog":true,"showMaterialUpdate":true,"showSkybox":true,"showFlares":true,"showImageEffects":true,"showParticleSystems":true},"in2DMode":false,"pivot":{"x":3.378833770751953,"y":-4.237667083740234,"z":-4.449263572692871},"rotation":{"x":-0.19692030549049378,"y":-0.7732420563697815,"z":0.28739142417907717,"w":-0.529835045337677},"size":0.470593124628067,"orthographic":false}