{"cameraMode":{"drawMode":0,"name":"Shaded","section":"Shading Mode"},"sceneLighting":false,"audioPlay":false,"sceneViewState":{"showFog":true,"showMaterialUpdate":true,"showSkybox":true,"showFlares":true,"showImageEffects":true,"showParticleSystems":true},"in2DMode":false,"pivot":{"x":3.4159228801727297,"y":0.5259324908256531,"z":-0.19328217208385468},"rotation":{"x":-0.3505896329879761,"y":-0.19148847460746766,"z":0.07347042858600617,"w":-0.9137949347496033},"size":1.6496706008911133,"orthographic":false}