{"cameraMode":{"drawMode":0,"name":"Shaded","section":"Shading Mode"},"sceneLighting":false,"audioPlay":false,"sceneViewState":{"showFog":true,"showMaterialUpdate":true,"showSkybox":true,"showFlares":true,"showImageEffects":true,"showParticleSystems":true},"in2DMode":false,"pivot":{"x":24.123388290405275,"y":10.062980651855469,"z":40.77014923095703},"rotation":{"x":-0.02165606990456581,"y":-0.9782455563545227,"z":0.15272194147109986,"w":-0.1387179046869278},"size":22.790531158447267,"orthographic":false}