{"cameraMode":{"drawMode":0,"name":"Shaded","section":"Shading Mode"},"sceneLighting":false,"audioPlay":false,"sceneViewState":{"showFog":true,"showMaterialUpdate":true,"showSkybox":true,"showFlares":true,"showImageEffects":true,"showParticleSystems":true},"in2DMode":false,"pivot":{"x":-1.9942035675048829,"y":0.9700000286102295,"z":-8.451480865478516},"rotation":{"x":-0.3505896329879761,"y":-0.19148847460746766,"z":0.07347042858600617,"w":-0.9137949347496033},"size":3.4005231857299806,"orthographic":false}