{"cameraMode":{"drawMode":0,"name":"Shaded","section":"Shading Mode"},"sceneLighting":false,"audioPlay":false,"sceneViewState":{"showFog":true,"showMaterialUpdate":true,"showSkybox":true,"showFlares":true,"showImageEffects":true,"showParticleSystems":true},"in2DMode":false,"pivot":{"x":-45.6376838684082,"y":9.028338432312012,"z":266.3138732910156},"rotation":{"x":-0.28460079431533816,"y":0.08798232674598694,"z":-0.026236340403556825,"w":-0.9542396068572998},"size":1.1783357858657838,"orthographic":false}