{"cameraMode":{"drawMode":0,"name":"Shaded","section":"Shading Mode"},"sceneLighting":false,"audioPlay":false,"sceneViewState":{"showFog":true,"showMaterialUpdate":true,"showSkybox":true,"showFlares":true,"showImageEffects":true,"showParticleSystems":true},"in2DMode":false,"pivot":{"x":-0.062180545181035998,"y":0.2829139530658722,"z":0.0242456067353487},"rotation":{"x":-0.12040761113166809,"y":-0.7089217305183411,"z":0.12486787140369415,"w":-0.6836227774620056},"size":22.0,"orthographic":false}